link,name,price
https://www.whiskyshop.com/johnnie-walker-blue-label-chinese-new-year-2023,Johnnie Walker Blue Label Chinese New Year 2024,225.00
https://www.whiskyshop.com/talisker-45-year-old-glacial-edge,Talisker 45 Year Old Glacial Edge,4500.00
https://www.whiskyshop.com/the-legacy-collection-43-year-old-the-lost-estate,The Legacy Collection 43 Year Old The Lost Estate,1200.00
https://www.whiskyshop.com/the-charles-gordon-collection-56-year-old-the-long-marriage,The Charles Gordon Collection 56 Year Old The Long Marriage,4000.00
https://www.whiskyshop.com/glenfiddich-21-year-old-gran-reserva,Glenfiddich Gran Reserva 21 Year Old,175.00
https://www.whiskyshop.com/glendronach-1993-29-year-old-6737,Glendronach 1993 29 Year Old #6737,867.00
https://www.whiskyshop.com/talisker-25-year-old-single-malt,Talisker 25 Year Old Single Malt,445.00
https://www.whiskyshop.com/signatory-speyside-17-year-old-single-cask-14-tws-exclusive,Signatory Speyside 17 Year Old Single Cask #14 TWS Exclusive,185.00
https://www.whiskyshop.com/loch-lomond-2013-10-year-old-23-372-6-tws-exclusive,Loch Lomond 2013 10 Year Old 23/372-6 TWS Exclusive,65.00
https://www.whiskyshop.com/dalmore-25-year-old-2023-release,Dalmore 25 Year Old 2023 Release,1350.00
https://www.whiskyshop.com/macallan-a-night-on-earth-china,The Macallan A Night on Earth - The Journey,105.00
https://www.whiskyshop.com/digital-drams-glen-scotia-2023,Digital Drams: Glen Scotia 2023,25.00
https://www.whiskyshop.com/the-octave-tormore-2010-13-year-old-8236994-tws-exclusive,The Octave Tormore 2010 13 Year Old #8236994,120.00
https://www.whiskyshop.com/glenfiddich-21-year-old-gran-reserva-chinese-new-year,Glenfiddich 21 Year Old 2024 Chinese New Year Limited Edition,200.00
https://www.whiskyshop.com/highland-park-vintage-1988,Highland Park Vintage 1988,3000.00
https://www.whiskyshop.com/dalmore-vintage-2005,Dalmore Vintage 2005,375.00
https://www.whiskyshop.com/private-collection-glenlivet-1949-74-year-old-11,Private Collection Glenlivet 1949 74 Year Old #11,35000.00
https://www.whiskyshop.com/ardnamurchan-ad-rum-cask-release-2023,Ardnamurchan AD/Rum Cask Release 2023,70.00
https://www.whiskyshop.com/ardnamurchan-cask-strength-2023,Ardnamurchan Cask Strength Release 2023,65.00
https://www.whiskyshop.com/glengoyne-2004-19-year-old-single-cask-3594-tws-exclusive,Glengoyne 2004 19 Year Old Single Cask #3594,325.00
https://www.whiskyshop.com/glenmorangie-the-nectar-16-year-old,Glenmorangie The Nectar 16 Year Old,79.00
https://www.whiskyshop.com/arran-signature-series-remnant-renegade-edition-1,Arran Signature Series Remnant Renegade Edition 1,79.00
https://www.whiskyshop.com/arran-25-year-old-2023-release,Arran 25 Year Old 2023 Release,350.00
https://www.whiskyshop.com/glenallachie-2011-12-year-old-single-cask-tws-exclusive-800191,Glenallachie 2011 12 Year Old #800191,165.00
https://www.whiskyshop.com/laphroaig-elements-1-0,Laphroaig Elements 1.0,170.00
https://www.whiskyshop.com/glenallachie-9-year-old-douro-valley-wine-cask-series,Glenallachie 9 Year Old Douro Valley Wine Cask Series,57.00
https://www.whiskyshop.com/bowmore-29-year-old-timeless-2-0,Bowmore 29 Year Old Timeless 2.0,1890.00
https://www.whiskyshop.com/glenmorangie-a-tale-of-tokyo,Glenmorangie A tale of Tokyo,76.00
https://www.whiskyshop.com/equinox-solstice-autumn-edition-aberfeldy-10-year-old,Equinox &amp; Solstice Autumn Edition Aberfeldy 10 Year Old,85.00
https://www.whiskyshop.com/whisky-sponge-glentauchers-18-year-old-edition-81,Whisky Sponge Glentauchers 18 Year Old Edition 81,175.00
https://www.whiskyshop.com/digital-drams-old-pulteney,Digital Drams: Old Pulteney,25.00
https://www.whiskyshop.com/torabhaig-allt-gleann-batch-strength,Torabhaig Allt Gleann Batch Strength,73.00
https://www.whiskyshop.com/nc-nean-hot-toddy-flask-gift-set,Nc'Nean Organic Flask Gift Set,80.00
https://www.whiskyshop.com/glengoyne-sensory-tasting-experience-3x5cl,Glengoyne Sensory Tasting Experience 3x5cl,40.00
https://www.whiskyshop.com/the-loch-fyne-knockdhu-12yo-3201,The Loch Fyne Knockdhu 12yo #3201,120.00
https://www.whiskyshop.com/the-loch-fyne-glenallachie-10-year-old-33061,The Loch Fyne Glenallachie 10 Year Old #33061,99.00
https://www.whiskyshop.com/laphroaig-34-year-old-ian-hunter-chapter-5,Laphroaig 34 Year Old Ian Hunter Chapter 5,1200.00
https://www.whiskyshop.com/the-lakes-whiskymaker-s-reserve-no-7,The Lakes Whiskymaker's Reserve No.7,89.00
https://www.whiskyshop.com/whisky-sponge-old-orkney-13-year-old,Whisky Sponge Old Orkney 13 Year Old,95.00
https://www.whiskyshop.com/johnnie-walker-elusive-umami,Johnnie Walker Blue Label Elusive Umami,295.00
https://www.whiskyshop.com/old-malt-cask-balmenach-2007-15-year-old-hl20291,Old Malt Cask Balmenach 2007 15 Year Old HL20291,130.00
https://www.whiskyshop.com/old-malt-cask-speyburn-2006-16-year-old-hl20298,Old Malt Cask Speyburn 2006 16 Year Old HL20298,130.00
https://www.whiskyshop.com/bunnahabhain-12-year-old-cask-strength-2023,Bunnahabhain 12 Year Old Cask Strength 2023,85.00
https://www.whiskyshop.com/old-pulteney-coastal-series-port-wine-cask,Old Pulteney Coastal Series Port Wine Cask,80.00
https://www.whiskyshop.com/balblair-21-year-old,Balblair 21 Year Old,300.00
https://www.whiskyshop.com/clynelish-10-year-old-special-release-2023,Clynelish 10 Year Old Special Release 2023,165.00
https://www.whiskyshop.com/mortlach-special-release-2023,Mortlach Special Release 2023,250.00
https://www.whiskyshop.com/oban-11-year-old-special-release-2023,Oban 11 Year Old Special Release 2023,140.00
https://www.whiskyshop.com/lagavulin-12-year-old-special-release-2023,Lagavulin 12 Year Old Special Release 2023,155.00
https://www.whiskyshop.com/the-singleton-of-glendullan-14-year-old-special-release-2023,The Singleton of Glendullan 14 Year Old Special Release 2023,132.00
https://www.whiskyshop.com/talisker-special-release-2023,Talisker Special Release 2023,120.00
https://www.whiskyshop.com/tamdhu-cigar-malt-3,Tamdhu Cigar Malt 3,225.00
https://www.whiskyshop.com/meikle-toir-5-year-old-the-original,Meikle Toir 5 Year Old The Original,51.00
https://www.whiskyshop.com/ardbeg-traigh-bhan-19-year-old-batch-5,Ardbeg Traigh Bhan 19 Year Old Batch 5,261.00
https://www.whiskyshop.com/nc-nean-organic-quiet-rebels-gordon,Nc'nean Organic Quiet Rebels Gordon,70.00
https://www.whiskyshop.com/glenturret-7-year-old-peat-smoke-2023,Glenturret 7 Year Old Peat Smoke 2023,62.00
https://www.whiskyshop.com/glenkinchie-distillers-edition-double-matured,Glenkinchie Distillers Edition Double Matured,71.00
https://www.whiskyshop.com/cragganmore-distillers-edition-double-matured,Cragganmore Distillers Edition Double Matured,77.00
https://www.whiskyshop.com/the-loch-fyne-fynest-bunnahabhain-2001-21-year-old-3690,The Loch Fyne Fynest Bunnahabhain 2001 21 Year Old #3690,199.00
https://www.whiskyshop.com/macallan-25-year-old-sherry-oak-2023-release,Macallan 25 Year Old Sherry Oak 2023 Release,2100.00
https://www.whiskyshop.com/islay-sponge-kildalton-14-year-old-part-03,Islay Sponge Kildalton 14 Year Old Part 03,195.00
https://www.whiskyshop.com/the-loch-fyne-williamson-8-year-old-036,The Loch Fyne Williamson 8 Year Old #036,140.00
https://www.whiskyshop.com/the-loch-fyne-islay-9-year-old-860,The Loch Fyne Islay 9 Year Old #860,99.00
https://www.whiskyshop.com/the-loch-fyne-ben-nevis-10-year-old-836,The Loch Fyne Ben Nevis 10 Year Old #836,125.00
https://www.whiskyshop.com/the-single-cask-staoisha-9-year-old-tws-exclusive,The Single Cask Staoisha 9 Year Old,155.00
https://www.whiskyshop.com/glenfarclas-12-year-old-100-proof-tws-exclusive,Glenfarclas 12 Year Old 100 Proof,110.00
https://www.whiskyshop.com/glenfarclas-10-year-old-100-proof-tws-exclusive,Glenfarclas 10 Year Old 100 Proof,95.00
https://www.whiskyshop.com/glenfarclas-8-year-old-100-proof-tws-exclusive,Glenfarclas 8 Year Old 100 Proof,85.00
https://www.whiskyshop.com/that-boutique-y-whisky-company-springbank-29-year-old-batch-29-tws-exclusive,That Boutique-y Whisky Company Springbank 29 Year Old Batch 29,700.00
https://www.whiskyshop.com/that-boutique-y-whisky-company-glenrothes-25-year-old-batch-12,That Boutique-y Whisky Company Glenrothes 25 Year Old Batch 12,250.00
https://www.whiskyshop.com/that-boutique-y-whisky-company-glenburgie-27-year-old-batch-13,That Boutique-y Whisky Company Glenburgie 27 Year Old Batch 13,250.00
https://www.whiskyshop.com/that-boutique-y-whisky-company-north-british-25-year-old-batch-10,That Boutique-y Whisky Company North British 25 Year Old Batch 10,78.00
https://www.whiskyshop.com/that-boutique-y-whisky-company-nc-nean-5-year-old-batch-4,That Boutique-y Whisky Company Nc'nean 5 Year Old Batch 4,69.99
https://www.whiskyshop.com/that-boutique-y-whisky-company-highland-2-19-year-old-batch-2,That Boutique-y Whisky Company Highland #2 19 Year Old Batch 2,91.00
https://www.whiskyshop.com/that-boutique-y-whisky-company-glen-garioch-33-year-old-batch-8,That Boutique-y Whisky Company Glen Garioch 33 Year Old Batch 8,350.00
https://www.whiskyshop.com/that-boutique-y-whisky-company-blended-malt-3-21-year-old-batch-3,That Boutique-y Whisky Company Blended Malt #3 21 Year Old Batch 3,125.00
https://www.whiskyshop.com/that-boutique-y-whisky-company-balblair-11-year-old-batch-3,That Boutique-y Whisky Company Balblair 11 Year Old Batch 3,62.00
https://www.whiskyshop.com/that-boutique-y-whisky-company-aultmore-13-year-old-batch-18,That Boutique-y Whisky Company Aultmore 13 Year Old Batch 18,75.00
https://www.whiskyshop.com/wolfies-blended-scotch-whisky,Wolfie's Blended Scotch Whisky,35.00
https://www.whiskyshop.com/lochlea-harvest-edition-2nd-crop,Lochlea Harvest Edition 2nd Crop,51.50
https://www.whiskyshop.com/glenallachie-11-year-old-marsala-wood-finish,Glenallachie 11 Year Old Marsala Wood Finish,66.00
https://www.whiskyshop.com/benromach-cask-strength-2013-batch-1,Benromach Cask Strength 2013  Batch 1,70.00
https://www.whiskyshop.com/arran-private-cask-2009-13-year-old-481-tws-exclusive,Arran Private Cask 2009 13 Year Old #481,150.00
https://www.whiskyshop.com/tamdhu-cigar-malt-2,Tamdhu Cigar Malt 2,196.00
https://www.whiskyshop.com/connoisseurs-choice-upper-tormore-1991-31-year-old-15381,Connoisseurs Choice Upper Tormore 1991 31 Year Old #15381,725.00
https://www.whiskyshop.com/private-collection-glenlossie-1982-40-year-old-3398,Private Collection Glenlossie 1982 40 Year Old #3398,1650.00
https://www.whiskyshop.com/private-collection-linkwood-1982-40-year-old-91018811,Private Collection Linkwood 1982 40 Year Old #91018811,1750.00
https://www.whiskyshop.com/benromach-virgin-oak-air-dried-oak-2012,Benromach Virgin Oak Air Dried Oak 2012,60.00
https://www.whiskyshop.com/benromach-virgin-oak-kiln-dried-oak-2012,Benromach Virgin Oak Kiln Dried Oak 2012,60.00
https://www.whiskyshop.com/darkness-craigellachie-12-year-old-oloroso-cask-finish,Darkness Craigellachie 12 Year Old Oloroso Cask Finish,109.00
https://www.whiskyshop.com/bowmore-21-year-old-2000s,Bowmore 21 Year Old 2000s,1380.00
https://www.whiskyshop.com/dalmore-18-year-old-2023-release,Dalmore 18 Year Old 2023 Release,315.00
https://www.whiskyshop.com/macallan-30-year-old-sherry-oak-2023-release,Macallan 30 Year Old Sherry Oak 2023 Release,4650.00
https://www.whiskyshop.com/dalmore-30-year-old-2023-release,Dalmore 30 Year Old 2023 Release,4750.00
https://www.whiskyshop.com/the-loch-fyne-caol-ila-9-year-old-319096,The Loch Fyne Caol Ila 9 Year Old #319096,85.00
https://www.whiskyshop.com/benromach-2007-single-cask-137-tws-exclusive,Benromach 2007 #137,179.00
https://www.whiskyshop.com/port-charlotte-9-year-old-2013-pmc-01-pomerol-cask,Port Charlotte 9 Year Old 2013 PMC:01 Pomerol Cask ,108.00
https://www.whiskyshop.com/port-charlotte-9-year-old-2012-sc-01-sauternes-cask,Port Charlotte 9 Year Old 2012 SC:01 Sauternes Cask,115.00
https://www.whiskyshop.com/port-charlotte-9-year-old-2009-mc-01-marsala-cask,Port Charlotte 9 Year Old 2009 MC:01 Marsala Cask,115.00
https://www.whiskyshop.com/balvenie-cask-and-character-19-year-old,Balvenie Cask and Character 19 Year Old,309.00
https://www.whiskyshop.com/ancnoc-peatheart-batch-3,anCnoc Peatheart Batch 3,60.00
https://www.whiskyshop.com/dalmore-21-year-old-2023-release,Dalmore 21 Year Old 2023 Release,625.00
https://www.whiskyshop.com/dalmore-45-year-old-2023-release,Dalmore 45 Year Old 2023 Release,17500.00
https://www.whiskyshop.com/duncan-taylor-single-cask-bunnahabhain-peated-2014-8-year-old,Duncan Taylor Single Cask Bunnahabhain Peated 2014 8 Year Old,95.00
https://www.whiskyshop.com/tomatin-3x5cl-mini-pack,Tomatin 3x5cl Mini Pack,25.00
https://www.whiskyshop.com/glenglassaugh-portsoy-single-malt,Glenglassaugh Portsoy Single Malt,60.00
https://www.whiskyshop.com/glenglassaugh-12-year-old-single-malt,Glenglassaugh 12 Year Old Single Malt,50.00
https://www.whiskyshop.com/loch-lomond-1998-25-year-old-exclusive-cask-151st-open-championship,Loch Lomond 1998 25 Year Old Exclusive Cask The 151st Open,1499.00
https://www.whiskyshop.com/glendronach-cask-strength-batch-12,Glendronach Cask Strength Batch 12,75.00
https://www.whiskyshop.com/macallan-18-year-old-2023-release,Macallan 18 Year Old 2023 Release,350.00
https://www.whiskyshop.com/lagavulin-distillers-edition-double-matured,Lagavulin Distillers Edition Double Matured,91.00
https://www.whiskyshop.com/macallan-rare-cask-2023,Macallan Rare Cask 2023,350.00
https://www.whiskyshop.com/lochlea-cask-strength-batch-1,Lochlea Cask Strength Batch 1,65.00
https://www.whiskyshop.com/ardray-blended-scotch-whisky,Ardray Blended Scotch Whisky,60.00
https://www.whiskyshop.com/thanks-for-being-my-best-man-white-black-6x3cl-whisky-pack,Thanks for being my best man White &amp; Black 6x3cl Whisky Pack,30.00
https://www.whiskyshop.com/thanks-for-being-my-best-man-copper-black-6x3cl-whisky-gift-pack,Thanks for being my best man Copper &amp; Black 6x3cl Whisky Gift Pack,30.00
https://www.whiskyshop.com/thanks-for-being-my-best-man-much-appreciated-6x3cl-whisky-gift-pack,Thanks for being my best man Much Appreciated 6x3cl Whisky Gift Pack,30.00
https://www.whiskyshop.com/saw-this-thought-of-you-eye-6x3cl-whisky-gift-pack,Saw This &amp; Thought of You Eye 6x3cl Whisky Gift Pack ,30.00
https://www.whiskyshop.com/saw-this-thought-of-you-yellow-6x3cl-whisky-gift-pack,Saw This &amp; Thought of You Yellow 6x3cl Whisky Gift Pack,30.00
https://www.whiskyshop.com/saw-this-hope-you-like-it-6x3cl-whisky-gift-pack,Saw This &amp; Hope You Like It 6x3cl Whisky Gift Pack,30.00
https://www.whiskyshop.com/best-dad-in-the-world-blue-yellow-6x3cl-whisky-gift-pack,Best Dad in the World Blue &amp; Yellow 6x3cl Whisky Gift Pack,30.00
https://www.whiskyshop.com/world-s-best-dad-you-re-a-legend-green-6x3cl-whisky-gift-pack,World's Best Dad You're a legend Green 6x3cl Whisky Gift Pack ,30.00
https://www.whiskyshop.com/happy-father-s-day-blue-diagonals-6x3cl-whisky-gift-pack,Happy Father's Day Blue Diagonals 6x3cl Whisky Gift Pack,30.00
https://www.whiskyshop.com/happy-father-s-day-blue-gold-6x3cl-whisky-gift-pack,Happy Father's Day Blue &amp; Gold 6x3cl Whisky Gift Pack,30.00
https://www.whiskyshop.com/happy-father-s-day-gift-tag-blue-6x3cl-whisky-gift-pack,Happy Father's Day Gift Tag Blue 6x3cl Whisky Gift Pack,30.00
https://www.whiskyshop.com/happy-father-s-day-you-re-a-superstar-blue-6x3cl-whisky-gift-pack,Happy Father's Day You're a Superstar Blue 6x3cl Whisky Gift Pack,30.00
https://www.whiskyshop.com/thank-you-for-everything-grey-6x3cl-whisky-gift-pack,Thank You For Everything Grey 6x3cl Whisky Gift Pack,30.00
https://www.whiskyshop.com/thank-you-very-much-spots-6x3cl-whisky-gift-pack,Thank You Very Much Spots 6x3cl Whisky Gift Pack,30.00
https://www.whiskyshop.com/thanks-much-appreciated-blue-6x3cl-whisky-gift-pack,Thanks Much Appreciated Blue 6x3cl Whisky Gift Pack,30.00
https://www.whiskyshop.com/you-re-the-best-purple-6x3cl-whisky-gift-pack,You're The Best Purple 6x3cl Whisky Gift Pack,30.00
https://www.whiskyshop.com/deanston-dragon-s-milk-stout-cask-finish,Deanston Dragon's Milk Stout Cask Finish,44.00
https://www.whiskyshop.com/kingsbarns-5-year-old-single-cask-ex-bourbon-barrel,Kingsbarns 5 Year Old Single Cask Ex-Bourbon Barrel,90.00
https://www.whiskyshop.com/port-charlotte-islay-barley-2014,Port Charlotte Islay Barley 2014,75.00
https://www.whiskyshop.com/springbank-1993-21-year-old-open-day-2015,Springbank 1993 21 Year Old Open Day 2015,1850.00
https://www.whiskyshop.com/glen-garioch-1968-29-year-old-cask-621,Glen Garioch 1968 29 Year Old Cask #621,2800.00
https://www.whiskyshop.com/strathclyde-1987-35-year-old-the-sovereign-hl19744,Strathclyde 1987 35 Year Old The Sovereign HL19744,199.00
https://www.whiskyshop.com/first-editions-macduff-2007-15-year-old-hl19903,First Editions Macduff 2007 15 Year Old HL19903,145.00
https://www.whiskyshop.com/old-malt-cask-mortlach-2009-12-year-old-hl19626,Old Malt Cask Mortlach 2009 12 Year Old HL19626,120.00
https://www.whiskyshop.com/aultmore-2010-12-year-old-hepburn-s-choice-canasta-butt,Aultmore 2010 12 Year Old Hepburn's Choice Canasta Butt,80.00
https://www.whiskyshop.com/ben-nevis-2011-11-year-old-hepburn-s-choice-sherry-butt,Ben Nevis 2011 11 Year Old Hepburn's Choice Sherry Butt,110.00
https://www.whiskyshop.com/miltonduff-2009-13-year-old-hepburns-choice-refill-bourbon-cask,Miltonduff 2009 13 Year Old Hepburn's Choice Refill Bourbon Cask,75.00
https://www.whiskyshop.com/glentauchers-2010-12-year-old-hepburns-choice-wine-finish,Glentauchers 2010 12 Year Old Hepburn's Choice Wine Finish,79.00
https://www.whiskyshop.com/glenmorangie-12-year-old-palo-cortado,Glenmorangie 12 Year Old Palo Cortado ,75.00
https://www.whiskyshop.com/loch-lomond-47-year-old-remarkable-stills-series,Loch Lomond 47 Year Old Remarkable Stills Series,5750.00
https://www.whiskyshop.com/the-loch-fyne-fynest-ben-nevis-1996-25-year-old,The Loch Fyne Fynest Ben Nevis 1996 25 Year Old,320.00
https://www.whiskyshop.com/compass-box-peat-monster-cask-strength,Compass Box The Peat Monster Cask Strength: Origin Story,105.00
https://www.whiskyshop.com/benriach-1994-27-year-old-single-cask-tws-exclusive,Benriach 1994 27 Year Old,395.00
https://www.whiskyshop.com/bunnahabhain-feis-ile-2023-manzanilla-cask,Bunnahabhain Feis Ile 2023 Manzanilla Cask,427.00
https://www.whiskyshop.com/glen-grant-1959-63-year-old-mr-george-legacy-3rd-edition,Glen Grant 1959 63 Year Old Mr George Legacy 3rd Edition,6500.00
https://www.whiskyshop.com/inchdairnie-ryelaw,RyeLaw Fife Single Grain Scotch Whisky,104.00
https://www.whiskyshop.com/loch-lomond-single-grain-distiller-s-choice,Loch Lomond Single Grain Distiller's Choice,49.00
https://www.whiskyshop.com/loch-lomond-2000-22-year-old-the-open-course-collection-2023,Loch Lomond 2000 22 Year Old The Open Course Collection 2023,220.00
https://www.whiskyshop.com/loch-lomond-the-open-special-edition-2023,Loch Lomond The Open Special Edition 2023,43.00
https://www.whiskyshop.com/deanston-15-year-old-tequila-cask-finish,Deanston 15 Year Old Tequila Cask Finish,95.00
https://www.whiskyshop.com/berry-bros-rudd-ardmore-2012-single-cask-9,Berry Bros. &amp; Rudd Ardmore 2012 Single Cask #9,75.00
https://www.whiskyshop.com/berry-bros-rudd-glen-garioch-2011-08028,Berry Bros. &amp; Rudd Glen Garioch 2011 #08028,96.00
https://www.whiskyshop.com/berry-bros-rudd-glen-elgin-2013-small-batch,Berry Bros. &amp; Rudd Glen Elgin 2013 Small Batch,70.00
https://www.whiskyshop.com/glendronach-1972-40-year-old-batch-7,Glendronach 1972 40 Year Old Batch 7,6400.00
https://www.whiskyshop.com/glenmorangie-1996-grand-vintage,Glenmorangie 1996 Grand Vintage,675.00
https://www.whiskyshop.com/signatory-vintage-glen-grant-1966-50-year-old-884,Signatory Vintage Glen Grant 1966 50 Year Old #884,4995.00
https://www.whiskyshop.com/tobermory-25-year-old-cask-finish-expression-3,Tobermory 25 Year Old Cask Finish Expression 3,345.00
https://www.whiskyshop.com/speyburn-18-year-old,Speyburn 18 Year Old,84.00
https://www.whiskyshop.com/murray-mcdavid-glen-spey-2007-14-year-old-px-sherry-cask-uk-exclusive,Murray McDavid Glen Spey 2007 14 Year Old PX Sherry Cask UK Exclusive,110.00
https://www.whiskyshop.com/murray-mcdavid-teaninich-2012-9-year-old-pineau-des-charentes,Murray McDavid Teaninich 2012 9 Year Old Pineau Des Charentes,75.00
https://www.whiskyshop.com/glenfiddich-grand-yozakura-29-year-old,Glenfiddich Grand Yozakura 29 Year Old,1500.00
https://www.whiskyshop.com/chivas-regal-13-year-old-tequila-cask,Chivas Regal 13 Year Old Tequila Cask,35.00
https://www.whiskyshop.com/noble-rebel-smoke-symphony-blended-malt,Noble Rebel Smoke Symphony Blended Malt,39.00
https://www.whiskyshop.com/noble-rebel-orchard-outburst-blended-malt,Noble Rebel Orchard Outburst Blended Malt,39.00
https://www.whiskyshop.com/noble-rebel-hazelnut-harmony-blended-malt,Noble Rebel Hazelnut Harmony Blended Malt,39.00
https://www.whiskyshop.com/the-loch-fyne-williamson-7-year-old-2023,The Loch Fyne Williamson 7 Year Old 2023,92.00
https://www.whiskyshop.com/the-loch-fyne-islay-12-year-old-2023,The Loch Fyne Islay 12 Year Old 2023,115.00
https://www.whiskyshop.com/fettercairn-warehouse-14-batch-1,Fettercairn Warehouse 14,66.00
https://www.whiskyshop.com/glenallachie-8-year-old-scottish-oak,Glenallachie 8 Year Old Scottish Oak Finish,64.00
https://www.whiskyshop.com/glenallachie-7-year-old-hungarian-oak,Glenallachie 7 Year Old Hungarian Oak Finish,59.00
https://www.whiskyshop.com/thanks-for-being-my-best-man-6x3cl-whisky-gift-pack,Thanks For Being My Best Man 6x3cl Whisky Gift Pack,30.00
https://www.whiskyshop.com/glenrothes-42-year-old,Glenrothes 42 Year Old,6200.00
https://www.whiskyshop.com/port-ellen-eidolon-40-year-old,Port Ellen Eidolon 40 Year Old,4500.00
https://www.whiskyshop.com/old-malt-cask-craigellachie-14-year-old-tws-exclusive-hl19718,Old Malt Cask Craigellachie 14 Year Old HL19718,120.00
https://www.whiskyshop.com/highland-park-22-year-old-platinum-old-rare,Highland Park 22 Year Old Platinum Old &amp; Rare,568.00
https://www.whiskyshop.com/glen-elgin-30-year-old-platinum-old-rare,Glen Elgin 30 Year Old Platinum Old &amp; Rare,458.00
https://www.whiskyshop.com/arran-24-year-old-platinum-old-rare,Arran 24 Year Old Platinum Old &amp; Rare,478.00
https://www.whiskyshop.com/macnair-s-lum-reek-10-year-old-cask-strength,Macnair's Lum Reek 10 Year Old Cask Strength,61.00
https://www.whiskyshop.com/glenallachie-2012-9-year-old-cuvee-wine-cask-finish,Glenallachie 2012 9 Year Old Cuvee Wine Cask Finish,56.00
https://www.whiskyshop.com/balblair-2006-73-tws-exclusive,Balblair 2006 #73,179.00
https://www.whiskyshop.com/glen-moray-miniature-pack-4x5cl,Glen Moray Miniature Pack 4x5cl,26.00
https://www.whiskyshop.com/compass-box-flaming-heart-2022,Compass Box Flaming Heart 2022,130.00
https://www.whiskyshop.com/dalmore-30-year-old-2022,Dalmore 30 Year Old 2022,4500.00
https://www.whiskyshop.com/laphroaig-1989-17-year-old-feis-ile-2007,Laphroaig 1989 17 Year Old Feis Ile 2007,890.00
https://www.whiskyshop.com/port-ellen-1978-25-year-old-4th-annual-release,Port Ellen 1978 25 Year Old 4th Annual Release,3120.00
https://www.whiskyshop.com/glenturret-25-year-old-2022,Glenturret 25 Year Old 2022,1250.00
https://www.whiskyshop.com/bowmore-1985-vintage-feis-ile-2012,Bowmore 1985 Vintage Feis Ile 2012,2180.00
https://www.whiskyshop.com/glen-moray-warehouse-1-2013-amontillado-cask,Glen Moray Warehouse 1 2013 Amontillado Cask,75.00
https://www.whiskyshop.com/glen-moray-warehouse-1-2010-amarone-cask,Glen Moray Warehouse 1 2010 Amarone Cask,80.00
https://www.whiskyshop.com/caol-ila-distillers-edition-double-matured,Caol Ila Distillers Edition Double Matured,72.00
https://www.whiskyshop.com/white-heather-21-year-old,White Heather 21 Year Old,120.00
https://www.whiskyshop.com/macallan-1999-easter-elchies-2012-13-year-old,Macallan 1999 Easter Elchies 2012 13 Year Old,9280.00
https://www.whiskyshop.com/jura-1990,Jura 1990,695.00
https://www.whiskyshop.com/1770-glasgow-triple-distilled-whisky,1770 Glasgow Triple Distilled Whisky,50.00
https://www.whiskyshop.com/happy-new-year-whisky-6x3cl-gift-set,Happy New Year Whisky Gift Set 6x3cl,30.00
https://www.whiskyshop.com/santa-s-secret-6x3cl-whisky-gift-set,Santa's Secret Christmas Whisky Gift Set 6x3cl,30.00
https://www.whiskyshop.com/duncan-taylor-ardmore-2009-13-year-old,Duncan Taylor Ardmore 2009 13 Year Old,90.00
https://www.whiskyshop.com/duncan-taylor-glentauchers-2009-13-year-old,Duncan Taylor Glentauchers 2009 13 Year Old,100.00
https://www.whiskyshop.com/octave-iconic-speyside-2010-11-year-old-2934518,Octave Iconic Speyside 2010 11 Year Old #2934518,95.00
https://www.whiskyshop.com/springbank-1965-local-barley-36-year-old-7,Springbank 1965 Local Barley 36 Year Old #7,11500.00
https://www.whiskyshop.com/springbank-1964-adelphi-32-year-old,Springbank 1964 Adelphi 32 Year Old,7920.00
https://www.whiskyshop.com/ardbeg-24-year-old-1965-cadenhead-s-sestante-italy,Ardbeg 24 Year Old 1965 Cadenhead's Sestante Italy,6280.00
https://www.whiskyshop.com/benriach-the-sixteen,Benriach The Sixteen,77.00
https://www.whiskyshop.com/private-collection-imperial-1979,Private Collection Imperial 1979,3000.00
https://www.whiskyshop.com/private-collection-convalmore-1975-2564,Private Collection Convalmore 1975 #2564,3750.00
https://www.whiskyshop.com/johnnie-walker-ghost-rare-port-dundas,Johnnie Walker Ghost &amp; Rare Port Dundas,267.00
https://www.whiskyshop.com/aberlour-31-year-old-batch-10-that-boutique-y-whisky-company,Aberlour 31 Year Old Batch 10 That Boutique-y Whisky Company,379.95
https://www.whiskyshop.com/murray-mcdavid-ardmore-2011-11-year-old,Murray McDavid Ardmore 2011 11 Year Old,85.00
https://www.whiskyshop.com/macallan-m-2022,Macallan M 2022,5750.00
https://www.whiskyshop.com/loch-fyne-fynest-glen-grant-24-year-old,The Loch Fyne Fynest Glen Grant 24 Year Old,299.00
https://www.whiskyshop.com/lagg-inaugural-release-batch-1,Lagg Inaugural Release Batch 1,125.00
https://www.whiskyshop.com/benriach-24-year-old-1997-cask-7776-batch-18,Benriach 24 Year Old 1997 Cask 7776 Batch 18,350.00
https://www.whiskyshop.com/old-pulteney-coastal-series-pineau-des-charentes,Old Pulteney Coastal Series Pineau Des Charentes,76.00
https://www.whiskyshop.com/ledaig-9-year-old-red-wine-finish,Ledaig 9 Year Old Red Wine Finish,95.00
https://www.whiskyshop.com/tobermory-21-year-old,Tobermory 21 Year Old,175.00
https://www.whiskyshop.com/springbank-35-year-old-millennium-limited-edition,Springbank 35 Year Old Millennium Limited Edition,7880.00
https://www.whiskyshop.com/macallan-2003-exceptional-cask-9064-03-2018-release,Macallan 2003 Exceptional Cask #9064-03 2018 Release,5400.00
https://www.whiskyshop.com/macallan-2002-exceptional-cask-2340-04-2018-release,Macallan 2002 Exceptional Cask #2340-04 2018 Release,6500.00
https://www.whiskyshop.com/macallan-1997-exceptional-single-cask-14813-12-2018-release,Macallan 1997 Exceptional Single Cask #14813-12 2018 release,7140.00
https://www.whiskyshop.com/compass-box-blenders-pack-3x5cl,Compass Box Blenders Pack 3x5cl,24.00
https://www.whiskyshop.com/glenmorangie-x,Glenmorangie X,33.00
https://www.whiskyshop.com/laphroaig-10-year-old-cask-strength-batch-15,Laphroaig 10 Year Old Cask Strength Batch 15,70.00
https://www.whiskyshop.com/signatory-vintage-bunnahabhain-2012-10-year-old,Signatory Vintage Bunnahabhain 2012 9 Year Old,108.00
https://www.whiskyshop.com/signatory-vintage-glen-mhor-1965-50-year-old,Signatory Vintage Glen Mhor 1965 50 Year Old,5300.00
https://www.whiskyshop.com/dewar-s-8-year-old-mezcal-cask-finish,Dewar's 8 Year Old Mezcal Cask Finish,27.00
https://www.whiskyshop.com/royal-brackla-18-year-old,Royal Brackla 18 Year Old ,140.00
https://www.whiskyshop.com/smws-29-63-laphroaig-1989-18-year-old,SMWS 29.63 (Laphroaig) 1989 18 Year Old,880.00
https://www.whiskyshop.com/springbank-45-year-old-millennium-limited-edition,Springbank 45 Year Old Millennium Limited Edition,11800.00
https://www.whiskyshop.com/springbank-30-year-old-millennium-limited-edition,Springbank 30 Year Old Millennium Limited Edition,9500.00
https://www.whiskyshop.com/springbank-25-year-old-millennium-limited-edition,Springbank 25 Year Old Millennium Limited Edition,5280.00
https://www.whiskyshop.com/ardbeg-17-year-old,Ardbeg 17 Year Old,600.00
https://www.whiskyshop.com/johnnie-walker-masters-ruby-reserve,Johnnie Walker Masters Ruby Reserve,15000.00
https://www.whiskyshop.com/edradour-2000-21-year-old-sherry-finish,Edradour 2001 21 Year Old Sherry Finish,305.00
https://www.whiskyshop.com/macallan-1981-exceptional-cask-9780,Macallan 1981 Exceptional Cask #9780,5400.00
https://www.whiskyshop.com/laphroaig-1981-sherry-cask-27-year-old,Laphroaig 1981 Sherry Cask 27 Year Old,6580.00
https://www.whiskyshop.com/springbank-25-year-old-j-archibald-mitchell,Springbank 25 Year Old J. Archibald Mitchell,4280.00
https://www.whiskyshop.com/islay-journey-series-blended-malt,Islay Journey Series Blended Malt,35.00
https://www.whiskyshop.com/bowmore-30-year-old-sea-dragon,Bowmore 30 Year Old Sea Dragon,3750.00
https://www.whiskyshop.com/compass-box-menagerie,Compass Box Menagerie,91.00
https://www.whiskyshop.com/compass-box-canvas,Compass Box Canvas,102.00
https://www.whiskyshop.com/murray-mcdavid-ardmore-2008-13-year-old,Murray McDavid Ardmore 2008 13 Year Old,95.00
https://www.whiskyshop.com/murray-mcdavid-glenburgie-2008-13-year-old,Murray McDavid Glenburgie 2008 13 Year Old,98.00
https://www.whiskyshop.com/lochlea-our-barley,Lochlea Our Barley,45.00
https://www.whiskyshop.com/port-ellen-1979-37-year-old-goren-s-whisky,Port Ellen 1979 37 Year Old Goren's Whisky,3850.00
https://www.whiskyshop.com/macallan-1980-exceptional-cask-4063,Macallan 1980 Exceptional Cask #4063,6000.00
https://www.whiskyshop.com/macallan-the-coronation,Macallan The Coronation,9600.00
https://www.whiskyshop.com/macallan-2005-exceptional-cask-5223-10-2017-release,Macallan 2005 Exceptional Cask #5223-10 2017 Release,4860.00
https://www.whiskyshop.com/battlehill-glenrothes-12-year-old,Battlehill Glenrothes 2009 12 Year Old,75.00
https://www.whiskyshop.com/loch-lomond-1993-29-year-old-mizunara-cask,Loch Lomond 1993 29 Year Old Mizunara Cask,1500.00
https://www.whiskyshop.com/platinum-auchentoshan-1991-31-year-old,Platinum Auchentoshan 1991 31 Year Old,610.00
https://www.whiskyshop.com/macallan-10-year-old-full-proof-giovinetti-figli,Macallan 10 Year Old (Full Proof) Giovinetti &amp; Figli,4250.00
https://www.whiskyshop.com/glenfiddich-orchard-experimental-series,Glenfiddich Orchard Experimental Series,41.95
https://www.whiskyshop.com/macallan-25-year-old-sherry-oak-pre-2018,Macallan 25 Year Old Sherry Oak Pre 2018,5800.00
https://www.whiskyshop.com/glenfarclas-15-year-old-gift-pack-glenfarclas-105-25-year-old-5cl,Glenfarclas 15 Year Old Gift Pack (Glenfarclas 105 &amp; 25 Year Old 5cl),99.00
https://www.whiskyshop.com/private-collection-benrinnes-1978-1636,Private Collection Benrinnes 1978 #1636,2099.00
https://www.whiskyshop.com/darkness-craigellachie-10-year-old-oloroso-cask,Darkness Craigellachie 10 Year Old Oloroso Cask,109.95
https://www.whiskyshop.com/darkness-ardbeg-12-year-old-oloroso-cask,Darkness Ardbeg 12 Year Old Oloroso Cask,174.95
https://www.whiskyshop.com/ardnamurchan-single-malt-2022,Ardnamurchan Single Malt 2022,49.00
https://www.whiskyshop.com/springbank-24-year-old-1966-cask-442-local-barley,Springbank 24 Year Old 1966 Cask #442 Local Barley,14400.00
https://www.whiskyshop.com/macallan-1997-easter-elchies-2010-13-year-old,Macallan 1997 Easter Elchies 2010 13 Year Old,7320.00
https://www.whiskyshop.com/macallan-1996-easter-elchies-2013-17-year-old,Macallan 1996 Easter Elchies 2013 17 Year Old,7200.00
https://www.whiskyshop.com/macallan-25-year-old-2022,Macallan 25 Year Old 2022,2200.00
https://www.whiskyshop.com/islay-3-13-year-old-batch-5-that-boutique-whisky-company,Islay #3 13 Year Old Batch 5 That Boutique Whisky Company,174.99
https://www.whiskyshop.com/glenallachie-1st-fill-bourbon-10-year-old-that-boutique-y-whisky-company,Glenallachie 1st Fill Bourbon 10 Year Old Batch 6 That Boutique-y Whisky Company,69.95
https://www.whiskyshop.com/sassenach-blended-malt,Sassenach Blended Whisky,79.95
https://www.whiskyshop.com/caisteal-chamuis-blended-malt-12-year-old,Caisteal Chamuis Blended Malt 12 Year Old,54.00
https://www.whiskyshop.com/the-kinship-bunnahabhain-32-year-old,The Kinship Bunnahabhain 1990 32 Year Old,485.00
https://www.whiskyshop.com/laphroaig-3x5cl-miniature-pack,Laphroaig 3x5cl Miniature Pack ,27.00
https://www.whiskyshop.com/tomatin-1989-32-year-old-connoisseurs-choice,Tomatin 1989 32 Year Old Connoisseurs Choice,779.00
https://www.whiskyshop.com/glendronach-port-wood,Glendronach Port Wood,60.00
https://www.whiskyshop.com/1770-glasgow-peated,1770 Glasgow Peated,50.00
https://www.whiskyshop.com/port-ellen-33-year-old-platinum-old-rare,Port Ellen 33 Year Old Platinum Old &amp; Rare,2995.00
https://www.whiskyshop.com/loch-lomond-46-year-old,Loch Lomond 46 Year Old,4500.00
https://www.whiskyshop.com/highland-park-1989-32-year-old-connoisseurs-choice,Highland Park 1989 32 Year Old Connoisseurs Choice,779.00
https://www.whiskyshop.com/glenallachie-8-year-old,GlenAllachie 8 Year Old,43.99
https://www.whiskyshop.com/tamdhu-18-year-old,Tamdhu 18 Year Old,140.00
https://www.whiskyshop.com/longmorn-23-year-old,Longmorn 23 Year Old,399.00
https://www.whiskyshop.com/ballantines-finest,Ballantine's Finest,24.00
https://www.whiskyshop.com/glenlivet-1978-private-collection,Glenlivet 1978 Private Collection,2099.00
https://www.whiskyshop.com/mortlach-1978-private-collection,Mortlach 1978 Private Collection,2099.00
https://www.whiskyshop.com/catalog/product/view/id/31872/s/tomatin-cask-strength/category/949/,Tomatin Cask Strength,57.00
https://www.whiskyshop.com/chivas-regal-15-year-old,Chivas Regal 15 Year Old,47.00
https://www.whiskyshop.com/chivas-regal-13-year-old,Chivas Regal 13 Year Old,38.00
https://www.whiskyshop.com/glen-keith-25-year-old,Glen Keith 25 Year Old,402.00
https://www.whiskyshop.com/glen-keith-21-year-old,Glen Keith 21 Year Old,181.00
https://www.whiskyshop.com/easter-hunt-whisky-gift-pack,Easter Hunt Whisky Gift Pack,30.00
https://www.whiskyshop.com/happy-easter-eggs-whisky-gift-pack,Happy Easter Eggs Whisky Gift Pack,30.00
https://www.whiskyshop.com/balvenie-16-year-old-french-oak,Balvenie 16 Year Old French Oak,136.00
https://www.whiskyshop.com/inchmurrin-22-year-old-batch-6-that-boutique-y-whisky-company,Inchmurrin 22 Year Old Batch 6 That Boutique-y Whisky Company,119.95
https://www.whiskyshop.com/the-irishman-the-harvest,The Irishman The Harvest,36.00
https://www.whiskyshop.com/glenfarclas-10-year-old-single-malt,Glenfarclas 10 Year Old Single Malt,41.00
https://www.whiskyshop.com/glenfarclas-12-year-old-single-malt,Glenfarclas 12 Year Old Single Malt,56.00
https://www.whiskyshop.com/glenfarclas-15-year-old-single-malt,Glenfarclas 15 Year Old,74.00
https://www.whiskyshop.com/glenfarclas-105-cask-strength,Glenfarclas 105 Cask Strength,68.00
https://www.whiskyshop.com/the-octave-glenrothes-2009-12-year-old,The Octave Glenrothes 2009 12 Year Old,120.00
https://www.whiskyshop.com/macallan-fine-oak-21-year-old,Macallan Fine Oak 21 Year Old,2100.00
https://www.whiskyshop.com/oban-distillers-edition-2021,Oban Distillers Edition 2021,78.00
https://www.whiskyshop.com/cragganmore-distillers-edition-2021,Cragganmore Distillers Edition 2021,70.00
https://www.whiskyshop.com/tomatin-14-year-old,Tomatin 14 Year Old,71.00
https://www.whiskyshop.com/tomatin-12-year-old,Tomatin 12 Year Old ,45.00
https://www.whiskyshop.com/the-octave-dalmunach-2016,The Octave Dalmunach 2016 5 Year Old #10821726,67.00
https://www.whiskyshop.com/king-s-inch-glasgow-single-malt,King's Inch Glasgow Single Malt,45.00
https://www.whiskyshop.com/spirit-of-christmas-whisky-gift-set,Spirit of Christmas Whisky Gift Set,30.00
https://www.whiskyshop.com/christmas-crackers-whisky-gift-pack,Christmas Crackers Whisky Gift Set,30.00
https://www.whiskyshop.com/christmas-bow-whisky-gift-pack,Christmas Bow Whisky Gift Set,30.00
https://www.whiskyshop.com/cheers-whisky-gift-pack,Cheers Christmas Whisky Gift Set,30.00
https://www.whiskyshop.com/glengoyne-36-year-old-russell-family-cask,Glengoyne 36 Year Old Russell Family Cask,3595.00
https://www.whiskyshop.com/magnum-ardbeg-1991-30-year-old,Old &amp; Rare Magnum Ardbeg 1991 30 Year Old 1.5 Litre,3999.00
https://www.whiskyshop.com/12-drams-of-christmas-2022-edition,12 Drams of Christmas,71.00
https://www.whiskyshop.com/black-bull-21-year-old,Black Bull 21 Year Old ,115.00
https://www.whiskyshop.com/highland-park-15-year-old,Highland Park 15 Year Old,94.00
https://www.whiskyshop.com/johnnie-walker-ghost-and-rare-pittyvaich,Johnnie Walker Blue Label Ghost &amp; Rare: Pittyvaich ,275.00
https://www.whiskyshop.com/johnnie-walker-director-s-blend-2011,Johnnie Walker Director's Blend 2011,3500.00
https://www.whiskyshop.com/torabhaig-allt-gleann-legacy,Torabhaig Allt Gleann Legacy ,55.00
https://www.whiskyshop.com/stylish-whisky-barrel-single-malt-scotch-whisky-decanter-with-2-glasses,Stylish Whisky Barrel Single Malt Scotch Whisky Decanter with 2 Glasses,55.00
https://www.whiskyshop.com/darkness-campbeltown-6-year-old-oloroso-cask-finish,Darkness Campbeltown 6 Year Old Oloroso Cask Finish,58.00
https://www.whiskyshop.com/benromach-40-year-old,Benromach 40 Year Old (2022 Release),2500.00
https://www.whiskyshop.com/westport-21-year-old-batch-1-that-boutique-y-whisky-company,Westport 21 Year Old Batch 1 That Boutique-y Whisky Company,156.00
https://www.whiskyshop.com/strathmill-22-year-old-batch-7-that-boutique-y-whisky-company,Strathmill 22 Year Old Batch 7 That Boutique-y Whisky Company ,205.00
https://www.whiskyshop.com/glengoyne-time-keeper,Glengoyne 12 Year Old Time Keeper,47.00
https://www.whiskyshop.com/glengoyne-time-capsule-miniature-pack-3x5cl,Glengoyne Time Capsule Miniature Pack 3x5cl,26.00
https://www.whiskyshop.com/deanston-2008-oloroso-cask-matured,Deanston 2008 Oloroso Cask Matured,74.00
https://www.whiskyshop.com/loch-lomond-18-year-old-20cl,Loch Lomond 18 Year Old 20cl,30.00
https://www.whiskyshop.com/glen-scotia-double-cask-glen-scotia-15-year-old-dual-pack,Glen Scotia Double Cask &amp; 15 Year Old 2x20cl,44.00
https://www.whiskyshop.com/glen-scotia-double-cask-20cl,Glen Scotia Double Cask 20cl,23.00
https://www.whiskyshop.com/glen-scotia-double-cask-glass-20cl,Glen Scotia Double Cask &amp; Glass 20cl,26.00
https://www.whiskyshop.com/glenlivet-1949-gordon-macphail,Gordon &amp; MacPhail Glenlivet 1949 ,3850.00
https://www.whiskyshop.com/benriach-malting-season,Benriach Malting Season,99.00
https://www.whiskyshop.com/ailsa-bay-gift-pack,Ailsa Bay 1.2 Gift Set,62.00
https://www.whiskyshop.com/balvenie-rare-marriages-25-year-old,Balvenie 25 Year Old Rare Marriages,670.00
https://www.whiskyshop.com/laphroaig-16-year-old,Laphroaig 16 Year Old ,94.00
https://www.whiskyshop.com/balblair-2006-78-the-w-club-exclusive,Balblair 2006 #78,191.00
https://www.whiskyshop.com/gordon-macphail-glen-grant-1951-60-year-old,Glen Grant 1951 bottled in 2013 ,3750.00
https://www.whiskyshop.com/green-isle,Green Isle,33.00
https://www.whiskyshop.com/fiona-macleod-33-year-old-the-character-of-islay-whisky-company,Fiona Macleod 33 Year Old The Character of Islay Whisky Company ,410.00
https://www.whiskyshop.com/loch-lomond-peated-single-grain,Loch Lomond Peated Single Grain,31.00
https://www.whiskyshop.com/aerstone-10-year-old-land-cask,Aerstone 10 Year Old Land Cask,31.00
https://www.whiskyshop.com/aerstone-10-year-old-sea-cask,Aerstone 10 Year Old Sea Cask ,31.00
https://www.whiskyshop.com/linkwood-12-year-old-flora-and-fauna,Linkwood 12 year old Flora and Fauna,53.00
https://www.whiskyshop.com/laphroaig-10-year-old-sherry-oak,Laphroaig 10 Year Old Sherry Oak Finish,63.00
https://www.whiskyshop.com/glenturret-10-year-old-peat-smoked,Glenturret 10 Year Old Peat Smoked,60.00
https://www.whiskyshop.com/glentauchers-44-year-old-that-boutique-y-whisky-company,Glentauchers 44 Year Old That Boutique-y Whisky Company,716.00
https://www.whiskyshop.com/littlemill-testament-1976,Littlemill Testament 1976,7999.00
https://www.whiskyshop.com/glenfiddich-grande-couronne-26-year-old,Glenfiddich Grande Couronne 26 Year Old,492.00
https://www.whiskyshop.com/glenglassaugh-2009-10-year-old-559,Glenglassaugh 2009 10 Year Old #559,92.00
https://www.whiskyshop.com/ancnoc-24-year-old,anCnoc 24 Year Old,154.00
https://www.whiskyshop.com/ledaig-sinclair-series-rioja-cask-finish,Ledaig Sinclair Series Rioja Cask Finish,34.00
https://www.whiskyshop.com/macallan-sir-peter-blake-edition,"The Macallan An Estate, A Community and A Distillery",1225.00
https://www.whiskyshop.com/benriach-the-smoke-season,Benriach Smoke Season,51.00
https://www.whiskyshop.com/tamdhu-15-year-old,Tamdhu 15 Year Old,81.00
https://www.whiskyshop.com/glengoyne-25-year-old,Glengoyne 25 Year Old,485.00
https://www.whiskyshop.com/johnnie-walker-blue-label-legendary-eight,Johnnie Walker Blue Label Legendary Eight,300.00
https://www.whiskyshop.com/gordon-macphail-glen-grant-1953-60-year-old,Gordon &amp; MacPhail Glen Grant 1953 60 Year Old,3000.00
https://www.whiskyshop.com/benromach-21-year-old,Benromach 21 Year Old,145.00
https://www.whiskyshop.com/compass-box-magic-cask,Compass Box Magic Cask,163.00
https://www.whiskyshop.com/the-singleton-of-glen-ord-38-year-old-epicurean-odyssey,The Singleton of Glen Ord 38 Year Old Epicurean Odyssey,2100.00
https://www.whiskyshop.com/drinks-by-the-dram-whisky-baubles,Drinks By The Dram Whisky Baubles ,41.00
https://www.whiskyshop.com/compass-box-arcana,Compass Box Peat Monster Arcana,77.00
https://www.whiskyshop.com/malts-discovery-collection-3x5cl,Malts Discovery Collection 3x5cl,21.00
https://www.whiskyshop.com/johnnie-walker-blue-label-glass-gift-set,Johnnie Walker Blue Label Glass Gift Set,180.00
https://www.whiskyshop.com/compass-box-rogues-banquet,Compass Box Rogues Banquet,191.00
https://www.whiskyshop.com/compass-box-juveniles,Compass Box Juveniles,74.00
https://www.whiskyshop.com/compass-box-flaming-heart,Compass Box Flaming Heart,125.00
https://www.whiskyshop.com/gordon-macphail-glen-grant-1954-59-year-old,Gordon &amp; MacPhail Glen Grant 1954 59 Year Old,2500.00
https://www.whiskyshop.com/ardbeg-wee-beastie,Ardbeg Wee Beastie,40.00
https://www.whiskyshop.com/darkness-8-year-old,Darkness 8 Year Old,49.00
https://www.whiskyshop.com/fettercairn-46-year-old,Fettercairn 46 Year Old,8300.00
https://www.whiskyshop.com/deanston-2002-organic,Deanston 2002 Organic,130.00
https://www.whiskyshop.com/tobermory-23-year-old,Tobermory 23 Year Old,295.00
https://www.whiskyshop.com/benriach-the-smoky-ten,Benriach The Smoky Ten,41.00
https://www.whiskyshop.com/benriach-the-original-ten,Benriach The Original Ten,32.00
https://www.whiskyshop.com/benriach-the-smoky-twelve,Benriach The Smoky Twelve,48.00
https://www.whiskyshop.com/benriach-the-twelve,Benriach The Twelve,44.00
https://www.whiskyshop.com/loch-lomond-21-year-old,Loch Lomond 21 Year Old,199.00
https://www.whiskyshop.com/fettercairn-22-year-old,Fettercairn 22 Year Old,246.00
https://www.whiskyshop.com/macallan-15-year-old-double-cask,Macallan 15 Year Old Double Cask,134.00
https://www.whiskyshop.com/glenlivet-spectra,The Glenlivet Spectra,107.00
https://www.whiskyshop.com/ardbeg-1972-velier,Ardbeg 1972 VELIER,6995.00
https://www.whiskyshop.com/stylish-whisky-mini-nessie-decanter-10cl,Stylish Whisky Mini Nessie Decanter 10cl,32.00
https://www.whiskyshop.com/stylish-whisky-mini-piper-decanter-10cl,Stylish Whisky Mini Piper Decanter 10cl,32.00
https://www.whiskyshop.com/stylish-whisky-mini-golf-decanter-10cl,Stylish Whisky Mini Golf Decanter 10cl,32.00
https://www.whiskyshop.com/arran-quarter-cask-the-bothy,Arran Quarter Cask The Bothy,54.00
https://www.whiskyshop.com/jura-12-year-old-gift-pack-2019,Jura 12 Year Old Gift Pack 2019,46.00
https://www.whiskyshop.com/benromach-15-year-old,Benromach 15 Year Old,75.00
https://www.whiskyshop.com/glenallachie-15-year-old,GlenAllachie 15 Year Old,73.00
https://www.whiskyshop.com/dalmore-port-wood-reserve-gift-set,Dalmore Port Wood Reserve Gift Set,100.00
https://www.whiskyshop.com/the-loch-fyne-gift-builder,The Loch Fyne Pick 'n' Mix Gift Box,38.00
https://www.whiskyshop.com/balblair-25-year-old,Balblair 25 Year Old,590.00
https://www.whiskyshop.com/glenfiddich-grand-cru-23-year-old,Glenfiddich Grand Cru 23 Year Old,242.00
https://www.whiskyshop.com/brora-40-year-old-200th-anniversary,Brora 40 Year Old 200th Anniversary,7480.00
https://www.whiskyshop.com/the-last-drop-56-year-old,The Last Drop 56 Year Old Blended Scotch Whisky,3750.00
https://www.whiskyshop.com/jura-gift-pack-3x5cl,Jura Gift Pack 3x5cl,22.00
https://www.whiskyshop.com/compass-box-the-circle,Compass Box The Circle,125.00
https://www.whiskyshop.com/highland-park-12-year-old,Highland Park 12 Year Old,40.00
https://www.whiskyshop.com/stylish-whisky-golf-club-decanter-20cl,Stylish Whisky Golf Club Decanter 20cl,49.00
https://www.whiskyshop.com/speyburn-bradan-orach,Speyburn Bradan Orach,36.00
https://www.whiskyshop.com/pot-still-tap-and-glasses,Pot Still Decanter with Tap &amp; 2 Glasses,94.00
https://www.whiskyshop.com/the-lost-distillery-co-dalaruan,The Lost Distillery Co. Dalaruan,52.00
https://www.whiskyshop.com/auchentoshan-gift-pack-3x5cl,Auchentoshan Gift Pack 3x5cl,33.00
https://www.whiskyshop.com/loch-lomond-signature,Loch Lomond Signature,31.00
https://www.whiskyshop.com/piper-decanter,Piper Decanter,94.00
https://www.whiskyshop.com/kilchoman-marchir-bay-20cl,Kilchoman Machir Bay 20cl,22.00
https://www.whiskyshop.com/macallan-private-eye,Macallan Private Eye,9950.00
https://www.whiskyshop.com/stylish-whisky-globe-decanter-20cl,Stylish Whisky Globe Decanter 20cl,55.00
https://www.whiskyshop.com/macallan-genesis,Macallan Genesis,5400.00
https://www.whiskyshop.com/kilchoman-marchir-bay,Kilchoman Machir Bay,46.00
https://www.whiskyshop.com/balvenie-the-week-of-peat-14-year-old,Balvenie The Week of Peat 14 Year Old,80.00
https://www.whiskyshop.com/balvenie-the-sweet-toast-of-american-oak-12-year-old,Balvenie The Sweet Toast of American Oak 12 Year Old,51.00
https://www.whiskyshop.com/fettercairn-50-year-old,Fettercairn 50 Year Old,22000.00
https://www.whiskyshop.com/tobermory-12-year-old,Tobermory 12 Year Old,44.00
https://www.whiskyshop.com/balblair-18-year-old,Balblair 18 Year Old,134.00
https://www.whiskyshop.com/balblair-15-year-old,Balblair 15 Year Old,79.00
https://www.whiskyshop.com/balblair-12-year-old,Balblair 12 Year Old,49.00
https://www.whiskyshop.com/compass-box-the-spaniard,Compass Box The Spaniard,55.00
https://www.whiskyshop.com/brora-30-year-old-1st-release-2002-bottling,Brora 30 year old 1st Release 2002 bottling,4950.00
https://www.whiskyshop.com/compass-box-hedonism,Compass Box Hedonism,72.00
https://www.whiskyshop.com/glenglassaugh-evolution,Glenglassaugh Evolution,45.00
https://www.whiskyshop.com/glen-moray-mastery,Glen Moray Mastery,930.00
https://www.whiskyshop.com/glen-scotia-victoriana,Glen Scotia Victoriana,74.00
https://www.whiskyshop.com/talisker-1953-24-year-old-connoisseur-s-choice,Talisker 1953 24 Year Old Connoisseur's Choice,3000.00
https://www.whiskyshop.com/bell-s-decanter-2012-robert-duff-bell,Bell's Decanter 2012 - Robert Duff Bell,54.00
https://www.whiskyshop.com/laphroaig-select,Laphroaig Select,34.00
https://www.whiskyshop.com/royal-brackla-21-years-old,Royal Brackla 21 Years Old,240.00
https://www.whiskyshop.com/royal-brackla-12-years-old,Royal Brackla 12 Years Old,60.00
https://www.whiskyshop.com/glenmorangie-original,Glenmorangie Original,39.00
https://www.whiskyshop.com/royal-lochnagar-12-year-old,Royal Lochnagar 12 Year Old,44.00
https://www.whiskyshop.com/rosebank-21-year-old-2014-special-release,Rosebank 21 Year Old 2014 Special Release,2500.00
https://www.whiskyshop.com/glenfarclas-1984,Glenfarclas 1984 ,5500.00
https://www.whiskyshop.com/glenfarclas-1975,Glenfarclas 1975 ,5900.00
https://www.whiskyshop.com/glenfarclas-1974,Glenfarclas 1974,3500.00
https://www.whiskyshop.com/glenfarclas-1973,Glenfarclas 1973,3500.00
https://www.whiskyshop.com/glenfarclas-1967,Glenfarclas 1967,3999.00
https://www.whiskyshop.com/glenfarclas-1965,Glenfarclas 1965,3999.00
https://www.whiskyshop.com/glenfarclas-1961,Glenfarclas 1961,4400.00
https://www.whiskyshop.com/glenfarclas-1957,Glenfarclas 1957,10850.00
https://www.whiskyshop.com/aberlour-16-year-old,Aberlour 16 Year Old ,110.00
https://www.whiskyshop.com/strathmill-12-year-old,Strathmill 12 year old ,52.00
https://www.whiskyshop.com/singleton-of-dufftown-15-year-old,Singleton of Dufftown 15 Year Old,56.00
https://www.whiskyshop.com/talisker-10-year-old-20cl,Talisker 10 year old 20cl,18.00
https://www.whiskyshop.com/compass-box-the-peat-monster,Compass Box The Peat Monster ,50.00
https://www.whiskyshop.com/knockando-12-year-old,Knockando 12 year old ,43.00
https://www.whiskyshop.com/golfer-and-ball,Golfer and Ball,72.00
https://www.whiskyshop.com/glenlossie-10-year-old,Glenlossie 10 year old,63.00
https://www.whiskyshop.com/the-glenlivet-12-year-old,The Glenlivet 12 Year Old,41.00
https://www.whiskyshop.com/glenkinchie-12-year-old-20cl,Glenkinchie 12 year old 20cl,18.00
https://www.whiskyshop.com/dalwhinnie-15-year-old-20cl,Dalwhinnie 15 Year Old 20cl,14.00
https://www.whiskyshop.com/cragganmore-12-year-old-20cl,Cragganmore 12 Year Old 20cl,18.00
https://www.whiskyshop.com/bunnahabhain-25-year-old,Bunnahabhain 25 Year Old,487.00
https://www.whiskyshop.com/black-bottle,Black Bottle,22.00
https://www.whiskyshop.com/teaninich-10-year-old,Teaninich 10 Year Old,53.00
https://www.whiskyshop.com/mannochmore-12-year-old,Mannochmore 12 Year Old,50.00
https://www.whiskyshop.com/johnnie-walker-red-label,Johnnie Walker Red Label,23.00
https://www.whiskyshop.com/glen-spey-12-year-old,Glen Spey 12 Year Old ,58.00
https://www.whiskyshop.com/johnnie-walker-blenders-batch-directors-edition-2016,Johnnie Walker Blenders' Batch Directors Edition 2016,2995.00
https://www.whiskyshop.com/compass-box-malt-whisky-collection,Compass Box Malt Whisky Collection,24.00
https://www.whiskyshop.com/benrinnes-15-year-old,Benrinnes 15 Year Old,53.00
https://www.whiskyshop.com/glenrothes-18-year-old,Glenrothes 18 Year Old,160.00
https://www.whiskyshop.com/mortlach-12-year-old-the-wee-witchie,Mortlach 12 Year Old The Wee Witchie,59.00
https://www.whiskyshop.com/mortlach-16-year-old-distillers-dram,Mortlach 16 Year Old Distiller's Dram,105.00
https://www.whiskyshop.com/mortlach-20-year-old-cowie-s-blue-seal,Mortlach 20 Year Old Cowie's Blue Seal,275.00
https://www.whiskyshop.com/glenfiddich-fire-cane,Glenfiddich Fire &amp; Cane,46.00
https://www.whiskyshop.com/ailsa-bay-1-2,Ailsa Bay 1.2 Sweet Smoke,59.00
https://www.whiskyshop.com/glendronach-revival-15-year-old,GlenDronach 15 Year Old Revival,77.00
https://www.whiskyshop.com/fettercairn-28-year-old,Fettercairn 28 Year Old,685.00
https://www.whiskyshop.com/fettercairn-12-year-old,Fettercairn 12 Year Old,51.00
https://www.whiskyshop.com/old-pulteney-18-year-old,Old Pulteney 18 Year Old,100.00
https://www.whiskyshop.com/old-pulteney-15-year-old,Old Pulteney 15 Year Old,74.00
https://www.whiskyshop.com/old-pulteney-huddart,Old Pulteney Huddart,47.00
https://www.whiskyshop.com/macallan-m-black,Macallan M Black,5995.00
https://www.whiskyshop.com/the-glenlivet-25-year-old,The Glenlivet 25 Year Old,625.00
https://www.whiskyshop.com/the-tweeddale-the-evolution,The Tweeddale The Evolution,175.00
https://www.whiskyshop.com/golf-ball-on-tee-with-tap,Golf Ball on Tee with Tap,94.00
https://www.whiskyshop.com/convalmore-32-year-old-2017-special-release,Convalmore 32 Year Old 2017 Special Release,1350.00
https://www.whiskyshop.com/macallan-gold-double-cask,Macallan Gold Double Cask,120.00
https://www.whiskyshop.com/johnnie-walker-blue-label,Johnnie Walker Blue Label,150.00
https://www.whiskyshop.com/jura-18-year-old,Jura 18 Year Old,74.00
https://www.whiskyshop.com/bunnahabhain-40-year-old,Bunnahabhain 40 Year Old,2250.00
https://www.whiskyshop.com/jura-seven-wood,Jura Seven Wood,62.00
https://www.whiskyshop.com/bunnahabhain-toiteach-a-dha,Bunnahabhain Toiteach A Dha,46.00
https://www.whiskyshop.com/spice-tree,Spice Tree ,52.00
https://www.whiskyshop.com/macallan-12-year-old-double-cask,Macallan 12 Year Old Double Cask,69.00
https://www.whiskyshop.com/jura-12-year-old,Jura 12 Year Old,37.00
https://www.whiskyshop.com/dalmore-port-wood-reserve,Dalmore Port Wood Reserve,71.00
https://www.whiskyshop.com/caol-ila-12-year-old-20cl,Caol Ila 12 Year Old 20cl,19.00
https://www.whiskyshop.com/shackleton-blended-malt-scotch,Shackleton Blended Malt Scotch,37.00
https://www.whiskyshop.com/bunnahabhain-stiuireadair,Bunnahabhain Stiuireadair,37.00
https://www.whiskyshop.com/globe-and-4-glasses,Globe Decanter &amp; 4 Glasses,94.00
https://www.whiskyshop.com/barrel-and-2-glasses,Barrel and 2 Glasses,94.00
https://www.whiskyshop.com/auchentoshan-gift-pack-3x20cl,Auchentoshan Gift Pack 3 x 20cl,71.00
https://www.whiskyshop.com/barley-tap-and-2-glasses,Barley Tap and 2 Glasses,94.00
https://www.whiskyshop.com/laphroaig-lore,Laphroaig Lore,71.00
https://www.whiskyshop.com/ardbeg-an-oa,Ardbeg An Oa,50.00
https://www.whiskyshop.com/arran-10-year-old,Arran 10 Year Old,42.00
https://www.whiskyshop.com/talisker-skye,Talisker Skye ,45.00
https://www.whiskyshop.com/inchmurrin-taster-pack,Inchmurrin Taster Pack,29.00
https://www.whiskyshop.com/robert-burns-malt,Robert Burns Malt,35.00
https://www.whiskyshop.com/balvenie-40-year-old,Balvenie 40 Year Old 2023,7250.00
https://www.whiskyshop.com/aberlour-12-year-old,Aberlour 12 Year Old,41.00
https://www.whiskyshop.com/ancnoc-18-year-old,anCnoc 18 Year Old,99.00
https://www.whiskyshop.com/laphroaig-quarter-cask,Laphroaig Quarter Cask,43.00
https://www.whiskyshop.com/talisker-storm,Talisker Storm,44.00
https://www.whiskyshop.com/balvenie-30-year-old,Balvenie 30 Year Old ,3500.00
https://www.whiskyshop.com/benromach-10-year-old,Benromach 10 Year Old,41.00
https://www.whiskyshop.com/talisker-port-ruighe,Talisker Port Ruighe,56.00
https://www.whiskyshop.com/auchentoshan-three-wood,Auchentoshan Three Wood,51.00
https://www.whiskyshop.com/glen-scotia-25-year-old,Glen Scotia 25 Year Old,550.00
https://www.whiskyshop.com/inchmurrin-12-year-old,Loch Lomond Inchmurrin 12 Year Old,42.00
https://www.whiskyshop.com/cragganmore-12-year-old,Cragganmore 12 Year Old,43.00
https://www.whiskyshop.com/laphroaig-10-year-old,Laphroaig 10 Year Old,37.00
https://www.whiskyshop.com/dalmore-cigar-malt,Dalmore Cigar Malt,108.00
https://www.whiskyshop.com/deanston-virgin-oak,Deanston Virgin Oak,37.00
https://www.whiskyshop.com/catalog/product/view/id/212/s/glen-moray-18-year-old/category/949/,Glen Moray 18 Year Old,70.00
https://www.whiskyshop.com/ledaig-18-year-old,Ledaig 18 Year Old,79.00
https://www.whiskyshop.com/highland-park-18-year-old,Highland Park 18 Year Old,137.00
https://www.whiskyshop.com/speyburn-15-year-old,Speyburn 15 Year Old,64.00
https://www.whiskyshop.com/oban-little-bay,Oban Little Bay,62.00
https://www.whiskyshop.com/speyburn-10-year-old,Speyburn 10 Year Old,31.00
https://www.whiskyshop.com/glenmorangie-lasanta,Glenmorangie 12 Year Old Lasanta,51.00
https://www.whiskyshop.com/glendronach-18-year-old,GlenDronach 18 Year Old ,175.00
https://www.whiskyshop.com/craigellachie-17-year-old,Craigellachie 17 year old,114.00
https://www.whiskyshop.com/bunnahabhain-18-year-old,Bunnahabhain 18 Year Old,141.00
https://www.whiskyshop.com/bruichladdich-the-classic-laddie-scottish-barley,Bruichladdich The Classic Laddie Scottish Barley,49.00
https://www.whiskyshop.com/bowmore-15-year-old,Bowmore 15 Year Old,67.00
https://www.whiskyshop.com/balvenie-14-year-old-caribbean-cask,Balvenie 14 Year Old Caribbean Cask,59.00
https://www.whiskyshop.com/ardbeg-uigeadail,Ardbeg Uigeadail,68.00
https://www.whiskyshop.com/glen-scotia-double-cask,Glen Scotia Double Cask,41.00
https://www.whiskyshop.com/glen-moray-12-year-old,Glen Moray 12 Year Old,39.00
https://www.whiskyshop.com/deanston-18-year-old,Deanston 18 Year Old,80.00
https://www.whiskyshop.com/the-glenlivet-15-year-old,The Glenlivet 15 Year Old,59.00
https://www.whiskyshop.com/macallan-12-year-old-sherry-oak,Macallan 12 Year Old Sherry Oak,77.00
https://www.whiskyshop.com/lagavulin-16-year-old,Lagavulin 16 Year Old,68.00
https://www.whiskyshop.com/dalwhinnie-winters-gold,Dalwhinnie Winter's Gold,44.00
https://www.whiskyshop.com/glenkinchie-12-year-old,Glenkinchie 12 Year Old,46.00
https://www.whiskyshop.com/dalmore-15-year-old,Dalmore 15 Year Old,108.00
https://www.whiskyshop.com/bunnahabhain-12-year-old,Bunnahabhain 12 Year Old,46.00
https://www.whiskyshop.com/bowmore-12-year-old,Bowmore 12 Year Old,39.00
https://www.whiskyshop.com/ballantine-s-17-year-old-scapa-edition,Ballantine's 17 Year Old Scapa Edition ,105.00
https://www.whiskyshop.com/ardbeg-corryvreckan,Ardbeg Corryvreckan,82.00
https://www.whiskyshop.com/the-loch-fyne-chocolate-orange-liqueur,The Loch Fyne Chocolate &amp; Orange Liqueur,30.00
https://www.whiskyshop.com/the-loch-fyne-blend,The Loch Fyne Blend,25.00
https://www.whiskyshop.com/old-pulteney-12-year-old,Old Pulteney 12 Year Old,33.00
https://www.whiskyshop.com/ledaig-10-year-old,Ledaig 10 Year Old,45.00
https://www.whiskyshop.com/glenfiddich-12-year-old,Glenfiddich 12 Year Old,38.00
https://www.whiskyshop.com/glendronach-12-year-old,GlenDronach 12 Year Old,51.00
https://www.whiskyshop.com/deanston-12-year-old,Deanston 12 Year Old,43.00
https://www.whiskyshop.com/dalwhinnie-15-year-old,Dalwhinnie 15 Year Old,49.00
https://www.whiskyshop.com/clynelish-14-year-old,Clynelish 14 Year Old,54.00
https://www.whiskyshop.com/blair-athol-12-year-old,Blair Athol 12 Year Old,53.00
https://www.whiskyshop.com/balvenie-12-year-old-doublewood,Balvenie 12 Year Old DoubleWood,49.00
https://www.whiskyshop.com/auchroisk-10-year-old,Auchroisk 10 Year Old,52.00
https://www.whiskyshop.com/ardbeg-10-year-old-whisky,Ardbeg 10 Year Old ,49.00
https://www.whiskyshop.com/the-loch-fyne-the-living-cask-1745,The Loch Fyne The Living Cask 1745,78.00
https://www.whiskyshop.com/ancnoc-12-year-old,anCnoc 12 Year Old,34.00
https://www.whiskyshop.com/edradour-10-year-old-oloroso-sherry-cask-tws-exclusive,Edradour 10 Year Old Oloroso Sherry Cask,115.00
https://www.whiskyshop.com/first-editions-glenburgie-2009-13-year-old-hl20278,First Editions Glenburgie 2009 13 Year Old HL20278,95.00
https://www.whiskyshop.com/the-loch-fyne-fynest-ledaig-1996-26-year-old-68,The Loch Fyne Fynest Ledaig 1996 26 Year Old #68,249.00
https://www.whiskyshop.com/the-single-cask-dailuaine-8-year-old-tws-exclusive,The Single Cask Dailuaine 8 Year Old,105.00
https://www.whiskyshop.com/the-single-cask-bunnahabhain-13-year-old-tws-exclusive,The Single Cask Bunnahabhain 13 Year Old,175.00
https://www.whiskyshop.com/signatory-vintage-secret-orkney-2009-14-year-old-tws-exclusive,Signatory Vintage Secret Orkney 2009 14 Year Old,105.00
https://www.whiskyshop.com/signatory-vintage-secret-speyside-2009-14-year-old-tws-exclusive,Signatory Vintage Secret Speyside 2009 14 Year Old,105.00
https://www.whiskyshop.com/signatory-vintage-speyside-2005-17-year-old-tws-exclusive,Signatory Vintage Speyside 2005 17 Year Old,185.00
https://www.whiskyshop.com/glen-scotia-11-year-old-campbeltown-malts-festival-2023,Glen Scotia 11 Year Old Campbeltown Malts Festival 2023,64.00
https://www.whiskyshop.com/the-octave-miltonduff-2009-14-year-old-8336748,The Octave Miltonduff 2009 14 Year Old #8336748,135.00
https://www.whiskyshop.com/the-octave-highland-park-2007-15-year-old-5036499,The Octave Highland Park 2007 15 Year Old #5036499,165.00
https://www.whiskyshop.com/the-octave-glentauchers-2008-14-year-old-octave,The Octave Glentauchers 2008 14 Year Old #8537267,135.00
https://www.whiskyshop.com/the-loch-fyne-ledaig-11-year-old-2023,The Loch Fyne Ledaig 11 Year Old 2023,95.00
https://www.whiskyshop.com/murray-mcdavid-caol-ila-12-year-old-tws-exclusive,Murray McDavid Caol Ila 12 Year Old,99.00
https://www.whiskyshop.com/murray-mcdavid-tomatin-15-year-old-tws-exclusive,Murray McDavid Tomatin 15 Year Old,119.00
https://www.whiskyshop.com/kilchoman-2015-px-sherry-cask-w-club-exclusive,Kilchoman 2015 PX Sherry Cask,110.00
https://www.whiskyshop.com/old-pulteney-2010-1802-w-club-exclusive,Old Pulteney 2010 #1802,130.00
https://www.whiskyshop.com/regent-street-ardmore-2008-12-year-old,Regent Street Ardmore 2008 12 Year Old,75.00
https://www.whiskyshop.com/regent-street-staoisha-2012-9-year-old,Regent Street Staoisha 2012 9 Year Old,88.00
https://www.whiskyshop.com/the-octave-miltonduff-2011-11-year-old,The Octave Miltonduff 2011 11 Year Old,89.00
https://www.whiskyshop.com/the-octave-highland-park-2007-15-year-old,The Octave Highland Park 2007 15 Year Old,140.00
https://www.whiskyshop.com/the-loch-fyne-the-living-cask-batch-14,The Loch Fyne The Living Cask Batch 14,48.00
https://www.whiskyshop.com/loch-lomond-2013-9-year-old-single-cask-w-club,Loch Lomond 2013 9 Year Old,60.00
https://www.whiskyshop.com/platinum-old-and-rare-laphroaig-22-year-old,Platinum Old And Rare Laphroaig 22 Year Old,708.00
https://www.whiskyshop.com/the-loch-fyne-teaninich-8-year-old-2022,The Loch Fyne Teaninich 8 Year Old 2022,69.00
https://www.whiskyshop.com/the-loch-fyne-linkwood-8-year-old-2022,The Loch Fyne Linkwood 8 Year Old 2022,69.00
https://www.whiskyshop.com/the-loch-fyne-glen-elgin-14-year-old-2022,The Loch Fyne Glen Elgin 14 Year Old 2022,79.00
https://www.whiskyshop.com/the-loch-fyne-caol-ila-9-year-old-2022,The Loch Fyne Caol Ila 9 Year Old 2022,85.00
https://www.whiskyshop.com/the-loch-fyne-auchroisk-9-year-old-2022,The Loch Fyne Auchroisk 9 Year Old 2022,69.00
https://www.whiskyshop.com/lagg-batch-3,Lagg Batch 3,100.00
https://www.whiskyshop.com/lagg-batch-2,Lagg Batch 2,100.00
https://www.whiskyshop.com/benromach-single-cask-w-club-exclusive-333,Benromach #333,88.00
https://www.whiskyshop.com/macallan-m-copper-2022,Macallan M Copper 2022,6250.00
https://www.whiskyshop.com/loch-fyne-mortlach-14-year-old,The Loch Fyne Mortlach 14 Year Old,99.00
https://www.whiskyshop.com/loch-fyne-inchgower-14-year-old,The Loch Fyne Inchgower 14 Year Old,95.00
https://www.whiskyshop.com/darkness-glenrothes-20-year-old-w-club-exclusive,Darkness Glenrothes 20 Year Old,165.00
https://www.whiskyshop.com/glenfiddich-40-year-old-re-imagination-of-time,Glenfiddich 40 Year Old Cumulative Time,4000.00
https://www.whiskyshop.com/the-octave-glentauchers-2008-14-year-old-8532579-tws-exclusive,The Octave Glentauchers 2008 14 Year Old 8532579,120.00
https://www.whiskyshop.com/the-octave-culdrain-2011-11-year-old-9634315-tws-exclusive,The Octave Culdrain 2011 11 Year Old #9634315,99.00
https://www.whiskyshop.com/glen-scotia-2016-tws-30th-anniversary-exclusive,Glen Scotia 2016 TWS 30th Anniversary,79.00
https://www.whiskyshop.com/mr-george-legacy-series-2,Mr George Legacy Series 2 Glen Grant 1957,6500.00
https://www.whiskyshop.com/the-octave-teaninich-2009-12-year-old-tws-exclusive-6734245,The Octave Teaninich 2009 12 Year Old #6734245,125.00
https://www.whiskyshop.com/loch-fyne-finest-fettercairn-24-year-old,The Loch Fyne Fynest Fettercairn 24 Year Old,185.00
https://www.whiskyshop.com/loch-lomond-2011-1758-11-year-old-tws-exclusive,Loch Lomond 2011 #1758,70.00
https://www.whiskyshop.com/glen-grant-1952-platinum-jubilee-70-year-old-381,Glen Grant 1952 Platinum Jubilee 70 Year Old #381,15500.00
https://www.whiskyshop.com/darkness-glenrothes-12-year-old-tws-exclusive,Darkness Glenrothes 12 Year Old,77.00
https://www.whiskyshop.com/cask-treasures-secret-grain-10-year-old,Cask Treasures Secret Grain 10 Year Old,55.00
https://www.whiskyshop.com/the-octave-glengarioch-2012-10-year-old-4633187,The Octave Glengarioch 2012 10 Year Old #4633187,99.00
https://www.whiskyshop.com/fettercairn-warehouse-2-batch-3,Fettercairn Warehouse 2 Batch 3,56.00
https://www.whiskyshop.com/happy-easter-cracked-egg-whisky-gift-pack,Happy Easter (Cracked Egg) Whisky Gift Pack,30.00
https://www.whiskyshop.com/dalwhinnie-distillers-edition-2021,Dalwhinnie Distillers Edition 2021,72.00
https://www.whiskyshop.com/cask-treasures-glen-moray-12-year-old-2008,Cask Treasures Glen Moray 2008 12 Year Old,65.00
https://www.whiskyshop.com/murray-mcdavid-linkwood-2008-13-year-old,Murray McDavid Linkwood 2008 13 Year Old ,105.00
https://www.whiskyshop.com/the-singleton-of-dufftown-39-year-old,The Singleton of Glen Ord 39 Year Old ,2295.00
https://www.whiskyshop.com/the-loch-fyne-the-living-cask-batch-12,The Loch Fyne The Living Cask Batch 12,46.00
https://www.whiskyshop.com/benriach-30-year-old,BenRiach 30 Year Old ,625.00
https://www.whiskyshop.com/macallan-18-year-old-double-cask-2021,Macallan 18 Year Old Double Cask 2021,450.00
https://www.whiskyshop.com/the-octave-glengarioch-2012-9-year-old,The Octave Glengarioch 2012 9 Year Old ,99.00
https://www.whiskyshop.com/first-editions-laphroaig-2004-16-year-old,First Editions Laphroaig 2004 16 Year Old ,299.00
https://www.whiskyshop.com/dalmore-12-year-old-pedestal-gift-tin,Dalmore 12 Year Old Pedestal Gift Tin ,64.00
https://www.whiskyshop.com/macallan-a-night-on-earth-in-scotland,Macallan A Night on Earth in Scotland,125.00
https://www.whiskyshop.com/the-macallan-harmony-collection-rich-cacao,The Macallan Harmony Collection Rich Cacao,215.00
https://www.whiskyshop.com/glen-scotia-seasonal-release-2021,Glen Scotia 12 Year Old Seasonal Release 2021,74.99
https://www.whiskyshop.com/loch-fyne-fynest-glengoyne-20-year-old,The Loch Fyne Fynest Glengoyne 20 Year Old,360.00
https://www.whiskyshop.com/benriach-2009-11-year-old-cask-4833-batch-17,BenRiach 2009 11 Year Old Cask #4833 Batch 17 ,90.00
https://www.whiskyshop.com/darkness-craigellachie-11-year-old-moscatel-cask-finish,Darkness Craigellachie 11 Year Old Moscatel Cask Finish ,95.00
https://www.whiskyshop.com/glenkeir-treasure-coimeasgadh-blended-malt,GlenKeir Treasures Coimeasgadh Blended Malt,55.00
https://www.whiskyshop.com/caol-ila-1980-40-year-old-kinship,The Kinship Caol Ila 40 Year Old 1980,1500.00
https://www.whiskyshop.com/macallan-30-year-old-double-cask-2021,Macallan 30 Year Old Double Cask 2021,3950.00
https://www.whiskyshop.com/royal-lochnagar-16-year-old-diageo-special-release-2021,Royal Lochnagar 16 Year Old Diageo Special Release 2021 ,200.00
https://www.whiskyshop.com/cardhu-14-year-old-diageo-special-release-2021,Cardhu 14 Year Old Diageo Special Release 2021,120.00
https://www.whiskyshop.com/lagavulin-26yo-diageo-special-release-2021,Lagavulin 26 Year Old Diageo Special Release 2021,1750.00
https://www.whiskyshop.com/oban-13-year-old-diageo-special-release-2021-56-2,Oban 12 Year Old Diageo Special Release 2021 ,107.00
https://www.whiskyshop.com/mortlach-13-year-old-diageo-special-release-2021,Mortlach 13 Year Old Diageo Special Release 2021 ,135.00
https://www.whiskyshop.com/singleton-of-glendullan-19-year-old-diageo-special-release-2021,Singleton of Glendullan 19 Year Old Diageo Special Release 2021,140.00
https://www.whiskyshop.com/talisker-8-year-old-diageo-special-release-2021,Talisker 8 Year Old Diageo Special Release 2021 ,90.00
https://www.whiskyshop.com/first-editions-mortlach-2010-11-year-old,First Editions Mortlach 2010,81.00
https://www.whiskyshop.com/first-edition-glen-moray-2007-14-year-old,First Editions Glen Moray 2007 14 Year Old,95.00
https://www.whiskyshop.com/glenrothes-25-year-old,Glenrothes 25 Year Old ,630.00
https://www.whiskyshop.com/darkness-strathisla-15-year-old-moscatel-cask-finish,Darkness Strathisla 15 Year Old Moscatel Cask Finish,181.00
https://www.whiskyshop.com/laphroaig-33-year-old-the-ian-hunter-story-book-3,Laphroaig 33 Year Old The Ian Hunter Story Book Three,1250.00
https://www.whiskyshop.com/glenlassaugh-50-year-old,Glenglassaugh 50 Year Old,5500.00
https://www.whiskyshop.com/ardmore-1991-cask-strength-gordon-macphail,Gordon &amp; MacPhail Ardmore 1991 Cask Strength,174.00
https://www.whiskyshop.com/the-octave-glen-elgin-2010-10-year-old-tws-exclusive,The Octave Glen Elgin 2010 10 Year Old,110.00
https://www.whiskyshop.com/laphroaig-16yo-2004-first-fill-sherry-octave,The Octave Laphroaig 2004 16 Year Old,375.00
https://www.whiskyshop.com/glenburgie-1995-25-year-old-connoisseurs-choice-tws-exclusive,Glenburgie 1995 25 Year Old Connoisseurs Choice,285.00
https://www.whiskyshop.com/glenturret-30-year-old-platinum-old-rare,Glenturret 30 Year Old Platinum Old &amp; Rare,465.00
https://www.whiskyshop.com/dalmore-29-year-old-platinum-old-rare,Dalmore 29 Year Old Platinum Old &amp; Rare,475.00
https://www.whiskyshop.com/macallan-18-sherry-oak-2021,Macallan 18 Year Old Sherry Oak 2021,550.00
https://www.whiskyshop.com/laphroaig-1997-23-year-old-kinship,The Kinship Laphroaig 23 Year Old 1997,539.00
https://www.whiskyshop.com/ardbeg-2001-19-year-old-kinship,The Kinship Ardbeg 19 Year Old 2001,497.00
https://www.whiskyshop.com/rare-find-speyside-1982-39-year-old,Rare Find Speyside 1982 39 Year Old,385.00
https://www.whiskyshop.com/talisker-43-year-old-xpedition-oak,Talisker 43 Year Old Xpedition Oak,3500.00
https://www.whiskyshop.com/kilchoman-2012-sherry-cask-the-w-club-exclusive,Kilchoman 2012 Sherry Cask,115.00
https://www.whiskyshop.com/longmorn-1987-33-year-old-connoisseurs-choice,Longmorn 1987 33 Year Old Connoisseurs Choice,870.00
https://www.whiskyshop.com/first-editions-tamnavulin-2010-10-year-old,First Editions Tamnavulin 2010,72.00
https://www.whiskyshop.com/benriach-25-year-oldd,Benriach 25 Year Old The Twenty Five,312.00
https://www.whiskyshop.com/old-malt-cask-jura-13-year-old,Old Malt Cask Jura 13 Year Old ,107.00
https://www.whiskyshop.com/tamdhu-12-year-old,Tamdhu 12 Year Old,48.00
https://www.whiskyshop.com/glengoyne-30-year-old,Glengoyne 30 Year Old,950.00
https://www.whiskyshop.com/glengoyne-12-year-old,Glengoyne 12 Year Old,44.00
https://www.whiskyshop.com/bowmore-30-year-old,Bowmore 30 Year Old,2350.00
https://www.whiskyshop.com/rare-find-tranquillity-1985-highland-single-malt,Rare Find Tranquillity 1985 Highland Single Malt,395.00
https://www.whiskyshop.com/loch-lomond-the-open-special-edition,Loch Lomond The Open Special Edition,44.00
https://www.whiskyshop.com/bunnahabhain-30-year-old,Bunnahabhain 30 Year Old,620.00
https://www.whiskyshop.com/bowmore-1988-31-year-old-candied-violets,Wemyss Malts Bowmore 1988 31 Year Old Candied Violets,580.00
https://www.whiskyshop.com/first-editions-aultmore-2010-10-year-old,First Editions Aultmore 2010,72.00
https://www.whiskyshop.com/the-loch-fyne-bunnahabhain-14-year-old-2005,The Loch Fyne Bunnahabhain 14 Year Old 2005,98.00
https://www.whiskyshop.com/the-loch-fyne-craigellachie-12-year-old,The Loch Fyne Craigellachie 12 Year Old ,83.00
https://www.whiskyshop.com/the-loch-fyne-the-living-cask-batch-10,The Loch Fyne The Living Cask Batch 10,46.00
https://www.whiskyshop.com/john-walker-sons-28-year-old-bicentenary-blend,John Walker &amp; Sons 28 Year Old Bicentenary Blend,760.00
https://www.whiskyshop.com/dalmore-12-year-old-sherry-cask,Dalmore 12 Year Old Sherry Cask Select,75.00
https://www.whiskyshop.com/loch-lomond-30-year-old,Loch Lomond 30 Year Old,650.00
https://www.whiskyshop.com/glenkeir-treasures-twin-casks-secret-highland-11-year-old,Glenkeir Treasures Twin Casks Secret Highland 11 Year Old,70.00
https://www.whiskyshop.com/glenkeir-treasures-twin-casks-secret-speyside-9-year-old,Glenkeir Treasures Twin Casks Secret Speyside 9 Year Old,68.00
https://www.whiskyshop.com/the-loch-fyne-the-living-cask-batch-9,The Loch Fyne The Living Cask Batch 9,46.00
https://www.whiskyshop.com/old-and-rare-bunnahabhain-30-year-old,Old and Rare Bunnahabhain 30 Year Old,580.00
https://www.whiskyshop.com/jura-1989,Jura 1989,600.00
https://www.whiskyshop.com/first-editions-ardmore-2009-9-year-old,First Editions Ardmore 2009,71.00
https://www.whiskyshop.com/first-editions-glen-garioch-2008-10-year-old,First Editions Glen Garioch 2008,72.00
https://www.whiskyshop.com/glenrothes-1988,Glenrothes 1988,365.00
https://www.whiskyshop.com/highland-park-esquire,Highland Park Esquire,207.00
https://www.whiskyshop.com/old-pulteney-2006-1448,Old Pulteney 2006 #1448,102.00
https://www.whiskyshop.com/littlemill-29-year-old-private-cellar-edition-2019,Littlemill 29 Year Old Private Cellar Edition 2019,2750.00
https://www.whiskyshop.com/the-loch-fyne-aultmore-12-year-old,The Loch Fyne Aultmore 12 Year Old,83.00
https://www.whiskyshop.com/talisker-41-year-old,Talisker 41 Year Old,2900.00
https://www.whiskyshop.com/first-editions-blair-athol-2010,First Editions Blair Athol 2010,71.00
https://www.whiskyshop.com/first-editions-tullibardine-2008,First Editions Tullibardine 2008,83.00
https://www.whiskyshop.com/glenkeir-treasures-secret-islay-10cl,Glenkeir Treasures Secret Islay 10cl,12.00
https://www.whiskyshop.com/glenkeir-treasures-secret-speyside-8-year-old,Glenkeir Treasures Secret Speyside 8 Year Old ,55.00
https://www.whiskyshop.com/first-editions-tamdhu-2007,First Editions Tamdhu 2007 11 Year Old,76.00
https://www.whiskyshop.com/glengoyne-21-year-old,Glengoyne 21 Year Old,210.00
https://www.whiskyshop.com/whisky-works-king-of-trees-10-year-old,Whisky Works King of Trees 10 Year Old,78.00
https://www.whiskyshop.com/kingsbarns-dream-to-dram,Kingsbarns Dream to Dram,50.00
https://www.whiskyshop.com/tormore-1988-30-year-old-authors-series-charles-baudelaire,Authors' Series Tormore 1988 30 Year Old - Charles Baudelaire,435.00
https://www.whiskyshop.com/tullibardine-1993-25-year-old-authors-series,Authors' Series Tullibardine 1993 25 Year Old - William Thackeray,405.00
https://www.whiskyshop.com/old-malt-cask-tamdhu-8-year-old-20cl,Old Malt Cask Tamdhu 8 Year Old 20cl,31.00
https://www.whiskyshop.com/glenkeir-treasures-secret-islay,Glenkeir Treasures Secret Islay,55.00
https://www.whiskyshop.com/clynelish-select-reserve-2014-special-release,Clynelish Select Reserve 2014 Special Release,510.00
https://www.whiskyshop.com/glenfarclas-1960,Glenfarclas 1960,4400.00
https://www.whiskyshop.com/dalmore-40-year-old,Dalmore 40 Year Old 2022 Release,12000.00
https://www.whiskyshop.com/the-lost-distillery-co-gift-pack,Lost Distillery Co. Gift Pack,37.00
https://www.whiskyshop.com/glen-grant-30-year-old-platinum-old-rare,Glen Grant 30 Year Old Platinum Old &amp; Rare,470.00
https://www.whiskyshop.com/the-last-drop-glenrothes-1968-cask-13504,The Last Drop Glenrothes 1968 Cask 13504,5400.00
https://www.whiskyshop.com/the-last-drop-glenrothes-1968-cask-13508,The Last Drop Glenrothes 1968 Cask 13508,5400.00
https://www.whiskyshop.com/fettercairn-40-year-old,Fettercairn 40 Year Old,3700.00
https://www.whiskyshop.com/the-loch-fyne-the-living-cask-batch-4-5cl,The Loch Fyne The Living Cask Batch 4 5cl,8.00
https://www.whiskyshop.com/the-loch-fyne-honey-ginger-liqueur-5cl,The Loch Fyne Honey &amp; Ginger Liqueur 5cl,7.00
https://www.whiskyshop.com/the-loch-fyne-chocolate-orange-liqueur-5cl,The Loch Fyne Chocolate &amp; Orange Liqueur 5cl,7.00
https://www.whiskyshop.com/the-loch-fyne-blend-5cl,The Loch Fyne Blend 5cl,7.00
https://www.whiskyshop.com/caol-ila-36-year-old-platinum-old-rare,Caol Ila 36 Year Old Platinum Old &amp; Rare,760.00
https://www.whiskyshop.com/bunnahabhain-1980-canasta-cask-finish,Bunnahabhain 1980 Canasta Cask Finish,1800.00
https://www.whiskyshop.com/highland-park-1996-authors-series-george-sand,Authors' Series Highland Park 1996 George Sand,350.00
https://www.whiskyshop.com/old-malt-cask-highland-park-19-year-old,Old Malt Cask Highland Park 19 Year Old,309.00
https://www.whiskyshop.com/the-loch-fyne-the-living-cask-batch-5,The Loch Fyne - The Living Cask - Batch 5,46.00
https://www.whiskyshop.com/the-loch-fyne-whisky-gift-pack,The Loch Fyne Whisky Taster Pack,26.00
https://www.whiskyshop.com/highland-park-40-year-old-2019-release,Highland Park 40 Year Old 2019 Release,3995.00
https://www.whiskyshop.com/highland-park-30-year-old,Highland Park 30 Year Old 2019 Release,1250.00
https://www.whiskyshop.com/macallan-25-year-old-sherry-oak-2020,Macallan 25 Year Old Sherry Oak ,2950.00
https://www.whiskyshop.com/glendronach-parliament-21-year-old,Glendronach 21 Year Old Parliament,215.00
https://www.whiskyshop.com/port-ellen-1983-authors-series-alfred-tennyson,Port Ellen 1983 - Authors' Series - Alfred Tennyson,2800.00
https://www.whiskyshop.com/probably-speyside-s-finest-50-year-old-platinum-old-rare,Probably Speyside's Finest 50 Year Old Platinum Old &amp; Rare,2000.00
https://www.whiskyshop.com/glen-elgin-18-year-old-2017-special-release,Glen Elgin 18 Year Old 2017 Special Release,310.00
https://www.whiskyshop.com/the-loch-fyne-honey-ginger-liqueur,The Loch Fyne Honey &amp; Ginger Liqueur,30.00
https://www.whiskyshop.com/old-malt-cask-mortlach-8-year-old-20cl,Old Malt Cask Mortlach 8 Year Old 20cl,32.00
https://www.whiskyshop.com/digital-drams-johnnie-walker-4-corners-of-scotland,Digital Drams: Johnnie Walker &amp; 4 Corners of Scotland,25.00
https://www.whiskyshop.com/digital-drams-compass-box,Digital Drams: Compass Box,20.00
https://www.whiskyshop.com/fettercairn-18-year-old-2022,Fettercairn 18 Year Old 2022,165.00
https://www.whiskyshop.com/the-charles-gordon-collection-blended-at-birth,The Charles Gordon Collection 1965 Blended at Birth,N/A
https://www.whiskyshop.com/old-fashioned-cocktail-bundle,Old Fashioned Cocktail Bundle,N/A
https://www.whiskyshop.com/the-cally-1974-caledonian-40-year-old-2015-special-release,The Cally 1974 'Caledonian' 40 Year Old 2015 Special Release,830.00
https://www.whiskyshop.com/glenfarclas-1966,Glenfarclas 1966,3999.00
https://www.whiskyshop.com/glenfarclas-1969,Glenfarclas 1969,3999.00
https://www.whiskyshop.com/glenfarclas-1964,Glenfarclas 1964,3999.00
